{
  "train_rmse": 1967.2033070794237,
  "val_rmse": 2415.961423253227,
  "test_rmse": 2813.122845457497,
  "train_mape": 2.3315208789766553,
  "val_mape": 2.8353226458402494,
  "test_mape": 3.467216172523492,
  "train_samples": 30456,
  "val_samples": 4351,
  "test_samples": 8702,
  "timestamp": "2026-02-13T01:20:38.675122"
}